order_id,date,region,product,customer_segment,quantity,amount
10000,2025-03-13,West,Widget,Consumer,18,7570.87
10001,2025-01-16,West,Sprocket,Enterprise,38,25064.59
10002,2025-10-15,West,Gadget,Enterprise,33,29789.93
10003,2025-05-23,East,Sprocket,SMB,15,7544.68
10004,2025-03-21,West,Gadget,Consumer,28,15381.47
10005,2025-07-03,East,Gizmo,Enterprise,6,2612.57
10006,2025-10-02,North,Sprocket,SMB,3,1791.9
10007,2025-11-18,West,Doohickey,Enterprise,36,17488.46
10008,2025-01-24,Central,Gizmo,Consumer,13,8271.53
10009,2025-07-14,East,Gizmo,Enterprise,15,13647.32
10010,2025-07-01,North,Doohickey,Consumer,24,4127.77
10011,2025-03-29,East,Gizmo,Consumer,5,3294.51
10012,2025-11-24,Central,Gadget,Enterprise,30,11041.52
10013,2025-01-29,Central,Gadget,Consumer,21,15757.41
10014,2025-04-19,East,Widget,SMB,26,8477.23
10015,2025-11-26,Central,Gizmo,Enterprise,32,12204.68
10016,2025-10-15,South,Gadget,SMB,9,1903.26
10017,2025-10-26,Central,Gizmo,Consumer,38,15521.4
10018,2025-02-16,South,Gizmo,Enterprise,9,3500.37
10019,2025-08-05,West,Widget,Enterprise,11,12752.38
10020,2025-08-28,Central,Widget,SMB,25,13665.2
10021,2025-02-28,Central,Gizmo,Consumer,1,616.23
10022,2025-08-11,Central,Gizmo,Consumer,22,3234.67
10023,2025-04-02,East,Doohickey,Enterprise,17,17214.05
10024,2025-09-17,Central,Widget,Consumer,20,14987.54
10025,2025-10-04,Central,Gadget,Enterprise,24,16417.71
10026,2025-02-27,Central,Widget,Consumer,21,9620.09
10027,2025-10-18,North,Gizmo,Enterprise,4,922.61
10028,2025-09-30,West,Widget,Consumer,32,38132.2
10029,2025-03-26,East,Gadget,Consumer,31,30633.5
10030,2025-10-04,North,Sprocket,Consumer,28,21651.62
10031,2025-09-22,East,Gizmo,SMB,24,11811.54
10032,2025-01-11,South,Widget,Enterprise,15,1323.26
10033,2025-02-06,Central,Sprocket,Enterprise,38,8993.82
10034,2025-02-06,West,Gadget,Enterprise,3,3751.52
10035,2025-03-09,Central,Gadget,SMB,32,7415.85
10036,2025-07-28,Central,Sprocket,SMB,16,11236.98
10037,2025-07-30,East,Widget,Enterprise,28,11492.32
10038,2025-06-23,South,Widget,Consumer,7,601.39
10039,2025-03-13,West,Gadget,Enterprise,13,10581.81
10040,2025-02-08,South,Gadget,SMB,30,6408.58
10041,2025-10-04,South,Sprocket,Enterprise,4,1940.79
10042,2025-09-04,West,Widget,Enterprise,11,7025.25
10043,2025-07-19,East,Doohickey,Enterprise,11,4779.49
10044,2025-10-12,North,Doohickey,SMB,28,16028.42
10045,2025-01-30,South,Gadget,Enterprise,19,3647.01
10046,2025-10-27,Central,Sprocket,Enterprise,21,2145.39
10047,2025-09-18,South,Sprocket,Consumer,11,917.33
10048,2025-05-01,West,Gadget,Enterprise,39,7088.14
10049,2025-01-21,South,Widget,Consumer,16,6972.33
10050,2025-06-11,Central,Widget,SMB,38,19809.86
10051,2025-07-22,North,Gadget,Consumer,21,4809.3
10052,2025-02-07,East,Gizmo,SMB,21,20386.65
10053,2025-02-07,West,Doohickey,Consumer,37,53085.02
10054,2025-06-28,Central,Gadget,Consumer,17,2792.7
10055,2025-10-06,West,Gadget,SMB,19,5756.21
10056,2025-10-11,North,Sprocket,Consumer,34,1899.49
10057,2025-02-24,North,Widget,Enterprise,17,2321.72
10058,2025-06-25,Central,Gadget,SMB,19,10525.71
10059,2025-01-27,East,Gizmo,Consumer,32,9914.98
10060,2025-03-08,West,Doohickey,SMB,3,284.36
10061,2025-08-07,North,Gadget,Consumer,29,13449.05
10062,2025-12-20,Central,Widget,Enterprise,5,4173.34
10063,2025-03-17,East,Sprocket,Enterprise,24,15190.72
10064,2025-01-21,South,Gadget,Enterprise,20,5822.8
10065,2025-07-01,North,Gadget,Consumer,16,8803.2
10066,2025-05-02,Central,Doohickey,Consumer,10,8187.55
10067,2025-06-20,East,Gadget,SMB,2,479.75
10068,2025-02-25,South,Gadget,SMB,11,6341.26
10069,2025-08-24,South,Widget,SMB,15,2695.67
10070,2025-04-09,North,Gizmo,Enterprise,15,1016.22
10071,2025-05-23,South,Gizmo,SMB,5,3488.25
10072,2025-01-15,North,Sprocket,SMB,35,10442.68
10073,2025-05-16,West,Gizmo,Enterprise,38,52798.01
10074,2025-06-10,West,Widget,Consumer,28,15586.97
10075,2025-10-23,South,Sprocket,Consumer,8,2440.06
10076,2025-10-03,East,Gizmo,Enterprise,28,1866.17
10077,2025-06-19,East,Gizmo,SMB,5,4950.76
10078,2025-06-03,Central,Gizmo,Consumer,8,5190.38
10079,2025-12-23,Central,Gizmo,Consumer,27,8750.72
10080,2025-07-14,North,Sprocket,Enterprise,13,4749.35
10081,2025-01-01,East,Sprocket,Consumer,20,9218.47
10082,2025-11-07,North,Gizmo,Enterprise,28,17900.94
10083,2025-09-19,North,Doohickey,SMB,29,16144.89
10084,2025-12-06,South,Gadget,Consumer,6,1419.33
10085,2025-04-26,Central,Gizmo,Enterprise,16,9760.9
10086,2025-09-01,East,Gadget,Enterprise,3,911.16
10087,2025-10-22,Central,Widget,SMB,27,21223.7
10088,2025-12-02,East,Doohickey,SMB,26,7875.01
10089,2025-12-23,West,Widget,SMB,15,4911.71
10090,2025-03-04,Central,Doohickey,Enterprise,36,9381.19
10091,2025-11-01,South,Gadget,SMB,34,24202.13
10092,2025-10-08,North,Doohickey,Consumer,33,12211.83
10093,2025-05-07,South,Gadget,Consumer,31,10812.71
10094,2025-02-09,North,Sprocket,SMB,16,4095.17
10095,2025-10-04,North,Gadget,SMB,22,6375.21
10096,2025-03-20,West,Gadget,Enterprise,15,9106.46
10097,2025-08-27,East,Widget,SMB,27,10465.45
10098,2025-10-27,South,Widget,Enterprise,27,8313.21
10099,2025-06-30,West,Sprocket,SMB,31,3036.75
10100,2025-10-07,North,Doohickey,SMB,35,21372.29
10101,2025-09-06,Central,Gadget,SMB,15,4202.57
10102,2025-08-28,West,Doohickey,SMB,26,27758.77
10103,2025-10-31,East,Sprocket,Consumer,2,1898.51
10104,2025-08-25,Central,Widget,Enterprise,28,4674.66
10105,2025-08-21,East,Widget,SMB,25,9604.22
10106,2025-08-04,North,Gizmo,SMB,18,11052.13
10107,2025-01-27,North,Widget,SMB,2,1223.54
10108,2025-11-30,North,Gadget,Consumer,5,3179.62
10109,2025-11-15,West,Widget,Enterprise,13,15898.47
10110,2025-10-16,East,Gadget,Enterprise,31,22249.39
10111,2025-03-27,East,Doohickey,Consumer,17,13816.34
10112,2025-03-25,Central,Sprocket,Consumer,8,5573.43
10113,2025-10-22,North,Widget,Consumer,2,1493.33
10114,2025-12-20,South,Doohickey,Consumer,13,1251.87
10115,2025-11-04,East,Widget,Consumer,20,17880.72
10116,2025-12-05,West,Sprocket,Enterprise,23,18611.74
10117,2025-08-04,North,Widget,Consumer,22,1308.76
10118,2025-08-24,South,Widget,SMB,24,11376.48
10119,2025-05-19,East,Doohickey,Enterprise,34,34215.45
10120,2025-10-31,Central,Sprocket,SMB,30,12430.47
10121,2025-08-19,North,Gizmo,Enterprise,6,1555.18
10122,2025-06-22,East,Doohickey,Consumer,40,28659.35
10123,2025-07-01,West,Doohickey,SMB,12,8978.31
10124,2025-05-22,North,Gizmo,SMB,39,22459.62
10125,2025-07-28,Central,Widget,Consumer,13,1633.2
10126,2025-09-09,South,Sprocket,Enterprise,31,14910.52
10127,2025-12-21,South,Widget,Enterprise,19,3696.97
10128,2025-10-11,East,Gizmo,Consumer,38,16142.21
10129,2025-12-26,Central,Gizmo,SMB,36,11804.5
10130,2025-04-09,South,Gizmo,SMB,17,3410.42
10131,2025-12-20,North,Widget,Consumer,35,26710.54
10132,2025-10-29,East,Gadget,Enterprise,31,10372.2
10133,2025-06-01,Central,Sprocket,SMB,7,5193.43
10134,2025-10-01,East,Gizmo,Enterprise,20,1575.89
10135,2025-12-24,East,Gizmo,Enterprise,4,2418.1
10136,2025-08-29,East,Doohickey,Enterprise,1,624.71
10137,2025-05-10,South,Doohickey,SMB,12,8360.53
10138,2025-10-23,South,Widget,Enterprise,26,9800.15
10139,2025-02-13,West,Gadget,Enterprise,37,50738.83
10140,2025-11-13,East,Widget,Consumer,27,17716.31
10141,2025-06-02,East,Sprocket,SMB,29,27572.96
10142,2025-11-09,Central,Doohickey,SMB,37,20991.86
10143,2025-02-11,West,Gadget,Consumer,14,6261.81
10144,2025-01-02,East,Gadget,Enterprise,36,4974.78
10145,2025-01-17,South,Doohickey,Consumer,39,14125.45
10146,2025-08-21,East,Gizmo,Consumer,19,14257.84
10147,2025-04-12,West,Gadget,SMB,38,37338.69
10148,2025-05-17,South,Widget,Consumer,15,7232.3
10149,2025-11-01,East,Widget,Enterprise,11,9215.94
10150,2025-06-05,Central,Gizmo,SMB,8,3533.41
10151,2025-02-11,South,Gizmo,Consumer,35,13240.91
10152,2025-01-14,Central,Widget,SMB,21,11614.34
10153,2025-01-11,West,Gadget,Consumer,37,32656.79
10154,2025-11-30,North,Sprocket,Enterprise,12,4834.51
10155,2025-09-09,South,Gizmo,Enterprise,38,12890.45
10156,2025-12-10,West,Doohickey,SMB,27,14579.09
10157,2025-05-28,West,Gadget,SMB,27,27714.41
10158,2025-05-10,South,Sprocket,Enterprise,30,3133.21
10159,2025-01-01,North,Widget,SMB,33,22066.95
10160,2025-07-05,Central,Doohickey,SMB,4,839.02
10161,2025-04-15,Central,Doohickey,Consumer,29,19777.77
10162,2025-12-24,North,Sprocket,Enterprise,19,7193.15
10163,2025-12-30,South,Widget,Enterprise,39,22796.93
10164,2025-02-17,East,Gizmo,Consumer,1,603.45
10165,2025-03-20,East,Widget,SMB,8,5572.14
10166,2025-09-05,South,Gizmo,Consumer,18,5858.21
10167,2025-04-08,South,Gadget,SMB,36,5134.8
10168,2025-05-22,Central,Sprocket,Consumer,9,6910.4
10169,2025-05-25,South,Gizmo,Consumer,18,10779.68
10170,2025-08-17,North,Sprocket,Consumer,32,22366.25
10171,2025-10-06,Central,Doohickey,SMB,22,11227.3
10172,2025-05-03,South,Doohickey,SMB,13,9191.3
10173,2025-08-31,Central,Doohickey,Enterprise,27,2457.24
10174,2025-01-19,South,Doohickey,Consumer,10,3793.47
10175,2025-08-14,East,Sprocket,Consumer,22,20085.07
10176,2025-07-29,West,Sprocket,SMB,1,1065.3
10177,2025-12-21,East,Widget,SMB,17,6716.65
10178,2025-06-12,South,Widget,SMB,35,10552.72
10179,2025-11-20,South,Sprocket,Enterprise,40,3647.36
10180,2025-02-20,North,Gadget,Consumer,6,2252.87
10181,2025-01-24,West,Doohickey,Enterprise,20,26192.45
10182,2025-03-16,North,Widget,SMB,23,7616.01
10183,2025-04-03,East,Sprocket,SMB,37,27000.95
10184,2025-11-14,East,Gadget,Enterprise,40,36562.74
10185,2025-11-23,East,Doohickey,Consumer,10,2913.84
10186,2025-08-27,North,Doohickey,SMB,1,724.18
10187,2025-06-26,North,Sprocket,Enterprise,5,1906.49
10188,2025-08-22,Central,Gizmo,Consumer,28,17486.24
10189,2025-07-15,North,Gadget,SMB,31,4029.69
10190,2025-06-01,Central,Gizmo,Consumer,19,16605.45
10191,2025-12-18,West,Doohickey,SMB,1,854.0
10192,2025-05-27,West,Sprocket,Consumer,32,38858.64
10193,2025-11-14,East,Sprocket,SMB,15,10285.54
10194,2025-11-27,North,Gadget,Consumer,7,5092.87
10195,2025-03-09,West,Gizmo,SMB,3,2617.27
10196,2025-03-09,West,Gizmo,SMB,27,8832.08
10197,2025-03-26,Central,Gizmo,Consumer,33,26684.68
10198,2025-08-28,North,Doohickey,SMB,22,14369.84
10199,2025-10-13,West,Gadget,Enterprise,26,36291.17
10200,2025-03-05,North,Widget,SMB,1,248.34
10201,2025-11-23,South,Gizmo,Consumer,17,7472.83
10202,2025-11-14,North,Widget,Consumer,15,6054.11
10203,2025-11-22,Central,Gizmo,Consumer,15,8839.7
10204,2025-01-24,South,Gizmo,Consumer,27,3341.42
10205,2025-10-03,West,Gizmo,SMB,8,1769.67
10206,2025-12-23,East,Doohickey,SMB,24,17249.38
10207,2025-12-02,Central,Doohickey,Consumer,10,7854.66
10208,2025-05-24,West,Doohickey,Consumer,27,36658.48
10209,2025-05-01,West,Gizmo,Enterprise,29,20019.84
10210,2025-11-27,North,Widget,Consumer,24,11000.39
10211,2025-03-04,North,Widget,SMB,18,3462.42
10212,2025-11-02,South,Widget,Consumer,14,6694.11
10213,2025-10-17,West,Widget,SMB,16,22798.53
10214,2025-04-30,East,Widget,Consumer,14,8914.13
10215,2025-03-16,North,Gadget,Consumer,1,257.96
10216,2025-01-14,East,Sprocket,SMB,12,2066.14
10217,2025-01-09,East,Widget,SMB,16,10226.11
10218,2025-09-27,East,Gizmo,Enterprise,9,7093.58
10219,2025-09-20,West,Widget,SMB,29,33069.37
10220,2025-11-11,Central,Widget,SMB,33,7846.69
10221,2025-01-16,West,Sprocket,SMB,30,28755.3
10222,2025-09-09,West,Doohickey,SMB,28,28454.49
10223,2025-02-03,South,Widget,Enterprise,21,9567.62
10224,2025-06-16,East,Gizmo,Consumer,38,22786.61
10225,2025-11-06,South,Sprocket,Consumer,19,6673.9
10226,2025-11-30,South,Widget,Consumer,8,4965.08
10227,2025-07-31,Central,Gadget,SMB,29,22842.58
10228,2025-06-10,North,Doohickey,SMB,27,16124.65
10229,2025-03-20,South,Gizmo,Consumer,17,5060.1
10230,2025-02-19,South,Widget,Enterprise,6,647.58
10231,2025-10-15,North,Gadget,Consumer,4,1959.4
10232,2025-12-07,Central,Gizmo,Consumer,8,3151.34
10233,2025-02-23,South,Widget,SMB,39,9980.22
10234,2025-04-25,Central,Sprocket,Enterprise,10,5968.07
10235,2025-05-23,West,Gizmo,Consumer,24,5882.28
10236,2025-11-15,Central,Gadget,SMB,36,30924.03
10237,2025-12-22,Central,Sprocket,Enterprise,39,32038.29
10238,2025-06-08,North,Widget,Enterprise,18,10386.43
10239,2025-10-17,North,Gizmo,Enterprise,12,8428.76
10240,2025-09-29,South,Widget,Enterprise,2,213.87
10241,2025-07-09,East,Doohickey,SMB,30,11921.21
10242,2025-01-27,North,Gizmo,Consumer,39,4434.99
10243,2025-05-20,East,Gadget,Consumer,4,2888.48
10244,2025-05-20,South,Doohickey,SMB,39,13391.81
10245,2025-05-26,East,Sprocket,Enterprise,23,11135.81
10246,2025-07-22,Central,Doohickey,Consumer,20,1849.39
10247,2025-04-19,Central,Widget,Enterprise,14,4251.39
10248,2025-09-12,East,Gizmo,SMB,21,3821.68
10249,2025-04-28,South,Gadget,Enterprise,25,10112.33
10250,2025-01-22,Central,Sprocket,Consumer,23,2632.63
10251,2025-10-22,South,Widget,SMB,5,3134.62
10252,2025-07-27,South,Sprocket,SMB,27,6491.41
10253,2025-12-20,West,Gizmo,Enterprise,40,28445.23
10254,2025-10-29,North,Widget,SMB,7,1627.41
10255,2025-06-23,South,Sprocket,Enterprise,26,16447.7
10256,2025-02-28,East,Gizmo,Enterprise,5,2813.61
10257,2025-11-27,Central,Sprocket,Enterprise,23,7927.12
10258,2025-03-30,East,Gadget,Enterprise,10,3145.69
10259,2025-11-18,Central,Gadget,Consumer,5,1005.73
10260,2025-10-17,South,Doohickey,Consumer,38,13224.42
10261,2025-02-04,Central,Gizmo,Consumer,21,3770.34
10262,2025-10-30,South,Doohickey,Consumer,20,11650.45
10263,2025-08-20,West,Gizmo,Consumer,5,2545.25
10264,2025-02-16,West,Widget,SMB,19,3678.15
10265,2025-10-11,Central,Sprocket,Consumer,25,10918.43
10266,2025-09-01,West,Doohickey,Consumer,13,6812.79
10267,2025-06-25,Central,Gadget,Enterprise,29,4071.28
10268,2025-12-29,West,Sprocket,Consumer,12,1714.1
10269,2025-07-06,South,Doohickey,Consumer,34,15525.03
10270,2025-12-14,North,Gizmo,SMB,27,17032.91
10271,2025-02-18,Central,Widget,Consumer,22,2406.3
10272,2025-12-03,Central,Doohickey,SMB,17,11085.36
10273,2025-03-14,Central,Gadget,SMB,6,3214.56
10274,2025-12-29,North,Gizmo,Consumer,26,3814.56
10275,2025-06-18,West,Gizmo,Consumer,25,23967.9
10276,2025-01-10,East,Sprocket,Enterprise,28,15701.74
10277,2025-09-06,North,Gizmo,Enterprise,14,4288.19
10278,2025-02-21,East,Gadget,Enterprise,10,1402.36
10279,2025-06-22,Central,Sprocket,Consumer,34,2928.82
10280,2025-04-03,Central,Gadget,Consumer,25,4556.46
10281,2025-07-06,Central,Gadget,Consumer,29,2640.34
10282,2025-08-18,East,Doohickey,Consumer,19,15173.05
10283,2025-08-29,East,Sprocket,Enterprise,20,20129.13
10284,2025-08-25,East,Gizmo,Consumer,37,37918.67
10285,2025-03-24,North,Doohickey,Consumer,34,12375.85
10286,2025-09-04,East,Sprocket,Enterprise,17,1969.88
10287,2025-05-26,North,Sprocket,Enterprise,34,23404.73
10288,2025-03-17,West,Gadget,SMB,29,38052.74
10289,2025-01-14,South,Widget,Enterprise,29,18621.63
10290,2025-07-17,South,Widget,SMB,33,9814.99
10291,2025-02-20,West,Gizmo,Enterprise,2,1040.45
10292,2025-08-30,North,Gadget,Enterprise,3,795.48
10293,2025-02-10,East,Doohickey,SMB,40,2804.8
10294,2025-11-08,West,Gizmo,Enterprise,10,8308.86
10295,2025-03-04,Central,Doohickey,Enterprise,19,4770.01
10296,2025-02-26,West,Gadget,SMB,40,28284.14
10297,2025-10-22,South,Sprocket,Consumer,2,943.14
10298,2025-06-30,East,Gadget,SMB,28,1862.71
10299,2025-02-13,East,Sprocket,SMB,12,8553.14
10300,2025-09-17,Central,Gizmo,Enterprise,34,17131.5
10301,2025-07-18,Central,Widget,SMB,31,2818.39
10302,2025-02-04,North,Gizmo,Consumer,2,635.64
10303,2025-06-20,North,Gadget,Consumer,7,4400.38
10304,2025-11-26,East,Widget,SMB,35,13827.93
10305,2025-03-11,East,Doohickey,Consumer,31,21109.22
10306,2025-04-13,West,Doohickey,Enterprise,19,6880.81
10307,2025-10-06,West,Gizmo,SMB,33,20710.88
10308,2025-01-25,South,Gizmo,Enterprise,13,3095.62
10309,2025-07-24,North,Gizmo,Enterprise,24,9065.12
10310,2025-09-12,South,Doohickey,SMB,12,4559.25
10311,2025-02-10,North,Sprocket,SMB,6,3571.87
10312,2025-02-22,South,Sprocket,Enterprise,35,8515.23
10313,2025-11-05,West,Gizmo,Consumer,19,9571.62
10314,2025-01-22,South,Gadget,Consumer,29,8186.53
10315,2025-01-30,North,Sprocket,SMB,18,9532.84
10316,2025-12-14,West,Doohickey,SMB,33,38658.83
10317,2025-08-13,East,Widget,Enterprise,39,28319.33
10318,2025-07-07,West,Gadget,Enterprise,16,18255.93
10319,2025-12-14,North,Doohickey,Consumer,3,1511.46
10320,2025-10-21,South,Gizmo,SMB,29,16242.38
10321,2025-05-23,East,Sprocket,SMB,26,9659.67
10322,2025-07-18,East,Widget,Enterprise,12,6618.81
10323,2025-04-20,Central,Widget,SMB,17,10809.13
10324,2025-03-11,Central,Gizmo,Consumer,32,7044.71
10325,2025-12-16,West,Doohickey,Enterprise,29,41652.82
10326,2025-05-29,North,Gizmo,Consumer,5,2312.49
10327,2025-09-18,North,Gadget,Consumer,12,7743.27
10328,2025-09-10,East,Widget,Enterprise,9,2662.36
10329,2025-10-10,West,Gizmo,Consumer,37,21757.11
10330,2025-09-03,East,Sprocket,Enterprise,5,1832.79
10331,2025-06-12,Central,Doohickey,SMB,37,4286.24
10332,2025-10-10,West,Doohickey,SMB,34,18873.23
10333,2025-01-29,Central,Gadget,Enterprise,28,13156.15
10334,2025-06-15,West,Sprocket,Enterprise,20,6245.74
10335,2025-05-09,East,Gizmo,Consumer,19,16905.92
10336,2025-11-11,East,Sprocket,SMB,9,6069.57
10337,2025-10-25,Central,Widget,Consumer,11,5975.66
10338,2025-11-06,East,Gadget,Consumer,40,30704.68
10339,2025-11-25,North,Sprocket,Enterprise,2,221.83
10340,2025-08-02,Central,Gizmo,Consumer,14,9628.38
10341,2025-06-04,Central,Widget,SMB,35,10289.27
10342,2025-02-07,South,Gadget,Consumer,26,6389.96
10343,2025-04-15,West,Gadget,SMB,27,20080.95
10344,2025-06-13,North,Sprocket,Enterprise,21,14618.39
10345,2025-02-24,North,Doohickey,Enterprise,24,10469.64
10346,2025-05-07,North,Gadget,SMB,8,2004.83
10347,2025-11-12,East,Widget,Enterprise,19,18748.26
10348,2025-06-10,South,Gadget,Enterprise,21,14180.93
10349,2025-06-07,East,Gadget,SMB,33,17164.78
10350,2025-05-04,South,Widget,Enterprise,26,10040.55
10351,2025-09-11,East,Sprocket,SMB,4,457.11
10352,2025-02-25,Central,Doohickey,SMB,35,2161.12
10353,2025-07-07,South,Gadget,SMB,24,13454.48
10354,2025-07-05,West,Doohickey,Enterprise,37,31392.75
10355,2025-10-09,Central,Gizmo,Enterprise,25,11775.27
10356,2025-02-19,North,Sprocket,Consumer,40,5564.33
10357,2025-03-15,South,Gizmo,SMB,36,24436.45
10358,2025-01-24,East,Sprocket,Consumer,26,14366.97
10359,2025-09-23,West,Gadget,Consumer,22,25857.79
10360,2025-11-10,South,Gadget,Consumer,33,4598.62
10361,2025-06-03,North,Gadget,SMB,40,24179.58
10362,2025-12-29,Central,Gizmo,Consumer,33,16307.95
10363,2025-12-11,Central,Gizmo,SMB,2,717.79
10364,2025-12-19,West,Doohickey,Consumer,20,23312.38
10365,2025-10-24,West,Sprocket,SMB,17,23724.27
10366,2025-03-29,Central,Gadget,Consumer,4,2145.63
10367,2025-05-05,Central,Sprocket,SMB,10,7328.71
10368,2025-08-14,West,Sprocket,Consumer,8,2780.47
10369,2025-07-30,North,Doohickey,Enterprise,27,15332.63
10370,2025-09-23,Central,Sprocket,SMB,4,2549.06
10371,2025-06-10,East,Sprocket,SMB,31,17897.55
10372,2025-12-13,East,Doohickey,Consumer,22,13147.56
10373,2025-05-23,North,Sprocket,SMB,13,9984.04
10374,2025-12-27,Central,Gizmo,Enterprise,20,13824.38
10375,2025-05-21,East,Doohickey,SMB,31,12557.58
10376,2025-07-22,North,Widget,Consumer,35,11716.97
10377,2025-02-10,North,Gadget,SMB,3,797.17
10378,2025-04-20,North,Doohickey,Consumer,17,10378.57
10379,2025-03-12,East,Sprocket,SMB,36,26775.61
10380,2025-01-26,West,Sprocket,Consumer,38,15695.17
10381,2025-07-31,Central,Gadget,Consumer,15,1474.58
10382,2025-10-09,North,Doohickey,Enterprise,9,484.97
10383,2025-04-13,East,Doohickey,Consumer,31,16445.88
10384,2025-02-15,North,Gizmo,SMB,4,2923.81
10385,2025-03-31,Central,Gadget,Consumer,3,2425.24
10386,2025-04-06,South,Gadget,Enterprise,26,14998.71
10387,2025-02-24,North,Widget,Enterprise,20,9519.43
10388,2025-03-10,North,Gizmo,SMB,35,15513.36
10389,2025-06-19,Central,Doohickey,SMB,13,9389.53
10390,2025-01-08,East,Doohickey,Consumer,17,13015.76
10391,2025-11-24,North,Gizmo,Consumer,13,2361.08
10392,2025-12-09,South,Doohickey,Consumer,21,2174.51
10393,2025-05-08,West,Gadget,Enterprise,31,16332.73
10394,2025-05-17,West,Gizmo,SMB,16,11089.49
10395,2025-12-01,North,Gizmo,Consumer,37,2167.34
10396,2025-03-23,North,Gadget,Enterprise,8,3192.37
10397,2025-11-24,South,Sprocket,Consumer,20,10218.92
10398,2025-03-10,North,Gizmo,Consumer,15,3215.2
10399,2025-12-26,South,Gadget,SMB,39,11590.67
10400,2025-12-15,Central,Doohickey,Consumer,14,9569.48
10401,2025-07-05,Central,Widget,Consumer,29,14231.54
10402,2025-09-16,West,Sprocket,Enterprise,4,4835.38
10403,2025-09-24,East,Sprocket,Consumer,10,2254.24
10404,2025-09-08,South,Widget,Consumer,14,7404.87
10405,2025-09-20,West,Sprocket,SMB,4,2808.53
10406,2025-12-11,South,Doohickey,Consumer,4,1688.75
10407,2025-04-22,North,Widget,SMB,17,11259.78
10408,2025-02-02,Central,Widget,Enterprise,28,9498.62
10409,2025-07-29,Central,Widget,Enterprise,31,2516.62
10410,2025-07-15,East,Gadget,Consumer,27,11612.68
10411,2025-12-05,South,Doohickey,SMB,6,3035.06
10412,2025-10-03,Central,Gadget,Consumer,23,3516.06
10413,2025-01-12,South,Sprocket,Enterprise,15,9127.57
10414,2025-07-14,North,Doohickey,Consumer,35,12883.36
10415,2025-04-07,East,Gadget,SMB,23,4973.6
10416,2025-01-09,West,Widget,Consumer,27,24843.95
10417,2025-08-17,East,Gadget,Enterprise,7,4508.67
10418,2025-04-30,Central,Widget,Enterprise,3,1160.61
10419,2025-05-29,Central,Gadget,Enterprise,9,4236.43
10420,2025-12-11,East,Sprocket,SMB,37,23974.88
10421,2025-09-24,North,Gadget,SMB,10,7892.72
10422,2025-10-30,East,Doohickey,SMB,18,2239.81
10423,2025-06-26,East,Doohickey,Consumer,32,3542.78
10424,2025-06-03,South,Sprocket,SMB,27,8655.52
10425,2025-04-26,South,Gadget,Consumer,31,6437.26
10426,2025-08-02,North,Gadget,SMB,4,1887.16
10427,2025-04-15,Central,Sprocket,Enterprise,25,6383.96
10428,2025-04-08,North,Widget,SMB,24,2864.35
10429,2025-02-07,West,Gizmo,SMB,39,35253.85
10430,2025-04-17,East,Sprocket,Consumer,36,9957.28
10431,2025-03-02,North,Gizmo,Enterprise,14,10540.18
10432,2025-07-23,South,Gadget,Consumer,39,20281.71
10433,2025-10-01,East,Sprocket,SMB,19,8286.76
10434,2025-09-12,North,Gizmo,SMB,24,10430.7
10435,2025-06-13,South,Widget,Consumer,31,17332.09
10436,2025-04-24,East,Gizmo,SMB,27,2958.46
10437,2025-10-24,East,Widget,SMB,36,35150.01
10438,2025-07-14,South,Gizmo,Enterprise,13,3479.57
10439,2025-12-17,Central,Gadget,SMB,36,21421.86
10440,2025-06-30,North,Gizmo,SMB,32,12659.9
10441,2025-10-05,East,Gadget,Consumer,35,18938.79
10442,2025-12-09,West,Sprocket,Enterprise,5,6830.02
10443,2025-04-29,West,Widget,SMB,9,11046.92
10444,2025-07-11,West,Gadget,Enterprise,14,10818.35
10445,2025-12-04,West,Sprocket,Consumer,40,52888.58
10446,2025-01-07,South,Widget,Enterprise,35,14607.58
10447,2025-05-27,West,Sprocket,Consumer,18,14638.44
10448,2025-04-02,West,Sprocket,Consumer,28,32993.14
10449,2025-11-14,West,Widget,Consumer,10,4153.08
10450,2025-02-10,Central,Gizmo,SMB,18,12794.8
10451,2025-12-23,North,Doohickey,SMB,37,8599.02
10452,2025-11-29,East,Gizmo,Consumer,6,4214.35
10453,2025-09-01,West,Widget,SMB,25,14979.47
10454,2025-08-11,West,Widget,Consumer,11,2217.89
10455,2025-04-28,North,Sprocket,Enterprise,34,25138.38
10456,2025-02-08,East,Sprocket,SMB,18,1987.16
10457,2025-06-11,North,Sprocket,Consumer,3,553.55
10458,2025-12-31,West,Gadget,Consumer,10,11055.44
10459,2025-10-18,South,Widget,SMB,11,4682.39
10460,2025-03-13,South,Sprocket,SMB,25,13875.91
10461,2025-08-12,West,Sprocket,Consumer,23,3737.27
10462,2025-11-01,East,Widget,SMB,39,31776.44
10463,2025-08-19,South,Gizmo,Enterprise,18,10330.11
10464,2025-08-10,South,Gadget,SMB,36,24489.77
10465,2025-11-13,East,Sprocket,Consumer,25,3713.79
10466,2025-03-20,North,Gadget,Consumer,5,557.64
10467,2025-02-24,South,Gadget,Consumer,25,6468.95
10468,2025-05-19,West,Widget,SMB,29,16700.77
10469,2025-10-13,West,Gadget,Enterprise,12,8061.87
10470,2025-07-01,Central,Sprocket,SMB,7,536.66
10471,2025-07-17,Central,Widget,Consumer,39,27384.32
10472,2025-10-14,West,Gizmo,SMB,25,28546.96
10473,2025-03-28,East,Sprocket,Consumer,11,8065.01
10474,2025-02-02,East,Gizmo,SMB,18,9824.33
10475,2025-02-09,East,Doohickey,SMB,27,9645.98
10476,2025-04-11,North,Gizmo,Enterprise,32,15851.35
10477,2025-07-22,South,Widget,Enterprise,20,991.36
10478,2025-08-09,North,Sprocket,SMB,22,8363.68
10479,2025-12-22,Central,Gadget,SMB,21,11605.64
